{
  "manage-proxy-settings": "https://functions.poehali.dev/9e4ccf79-e896-4279-9f09-6bb78ed1b7cc",
  "speech-recognition": "https://functions.poehali.dev/66ab8736-2781-4c63-9c2e-09f2061f7c7a",
  "get-tenant-token-stats": "https://functions.poehali.dev/d58dbde4-5719-461b-87ad-6d97db9fdd51",
  "get-superadmin-chat-stats": "https://functions.poehali.dev/61fc762a-0e98-41b4-b1b4-406c5e73f78a",
  "check-messenger-webhook": "https://functions.poehali.dev/e22e5e92-1534-49eb-b066-5d7ca2b64589",
  "migrate-webhooks": "https://functions.poehali.dev/0682c802-0d3e-4a2f-90ed-5510d5fed909",
  "init-tenant-settings": "https://functions.poehali.dev/696f9f2e-71e7-444d-84bd-46e69fd00150",
  "init-formatting-settings": "https://functions.poehali.dev/840d70e6-44cc-478c-a460-a261c8059381",
  "manage-formatting-settings": "https://functions.poehali.dev/ef7a90b2-b6ff-4ad6-9d57-345407d897dc",
  "max-setup": "https://functions.poehali.dev/eba527a1-dcf9-460b-b74d-0a0ed603f17d",
  "export-tenant-backup": "https://functions.poehali.dev/23da4062-a69b-4817-8fd5-a1edb58d06bf",
  "import-tenant-backup": "https://functions.poehali.dev/f486c3ef-91ae-4620-995f-a62175bd4118",
  "update-quality-gate-settings": "https://functions.poehali.dev/7d26fcc4-42c6-467f-9788-1da19509460f",
  "get-quality-gate-settings": "https://functions.poehali.dev/7a83fc62-4b62-4575-b6c7-876c5974d0a0",
  "get-token-stats": "https://functions.poehali.dev/c88cb0c9-4dd7-47a7-b4dc-0d381a8207e1",
  "support-webhook-setup": "https://functions.poehali.dev/14e1f570-168d-4186-9692-010b4333cbbe",
  "support-admin": "https://functions.poehali.dev/99a74bb7-48d7-4d7f-b19d-add3074b37f0",
  "support-chat": "https://functions.poehali.dev/e4eb32ef-3f98-4488-895d-a092ae25e8c5",
  "support-telegram-webhook": "https://functions.poehali.dev/9abd7a94-704d-426b-bfe8-19437abc6fb5",
  "cleanup-embeddings": "https://functions.poehali.dev/53a14995-b007-4a99-a49a-596ff9370544",
  "automation-settings": "https://functions.poehali.dev/a56d419e-8694-4b5f-836e-3e7351155c7f",
  "indexnow": "https://functions.poehali.dev/9f68c535-c71e-4e3d-a71e-dd0f905ae0c4",
  "reindex-embeddings": "https://functions.poehali.dev/d84c6a38-349a-45a7-859d-08a51d29caf0",
  "manage-embeddings": "https://functions.poehali.dev/eba16a48-59f3-4290-ae64-c0ca649f66a5",
  "consent-logs": "https://functions.poehali.dev/7eaae0aa-83a0-4014-aa24-0b32693c37f0",
  "manage-consent-settings": "https://functions.poehali.dev/2f7a79a2-87ef-4692-b9a6-1e23f408edaa",
  "system-monitoring": "https://functions.poehali.dev/f15b151c-8058-4206-aec0-26d1e438b1f5",
  "email-templates": "https://functions.poehali.dev/b58124ce-188b-4335-9dbd-46f9849954da",
  "send-email": "https://functions.poehali.dev/5c84ca37-0a0b-4a3f-99ec-880d3a33bcdc",
  "update-tenant-slug": "https://functions.poehali.dev/2a327e72-9483-40d1-99d2-a42292695993",
  "get-tenant-by-slug": "https://functions.poehali.dev/7d6bc169-78bf-43cd-a0d6-562bc5a6c9ad",
  "messenger-auto-messages": "https://functions.poehali.dev/a5c44dff-b325-43e4-9c89-020d5c116178",
  "manage-api-keys": "https://functions.poehali.dev/335a37e0-231e-4ba0-adf3-94f610d1c449",
  "subscription-manager": "https://functions.poehali.dev/acfb4594-ac58-4227-b53e-61d08a672967",
  "admin-tenants": "https://functions.poehali.dev/b1bdd2fb-cf88-4093-a3d7-15d273763e4c",
  "internal-cron-trigger": "https://functions.poehali.dev/3a1a56fb-46fc-43d0-a573-0b3f67cd7da5",
  "send-order-email": "https://functions.poehali.dev/38938588-b119-4fcc-99d9-952e16dd8d6a",
  "tariff-management": "https://functions.poehali.dev/9aaca202-0192-4234-9f65-591df1552960",
  "setup-cronjob": "https://functions.poehali.dev/5d34eeb6-9825-4d73-80eb-bc6c1ded58c9",
  "check-subscriptions": "https://functions.poehali.dev/2b45e5d6-8138-4bae-9236-237fe424ef95",
  "get-messenger-settings": "https://functions.poehali.dev/0993895c-dede-469e-94f6-18c2829df143",
  "yookassa-webhook": "https://functions.poehali.dev/381d4828-88a8-44e7-a8d2-ef49c1ce8ab6",
  "yookassa-create-payment": "https://functions.poehali.dev/f4c127b8-2009-4d9b-b026-9fdf933b8b3a",
  "vk-webhook": "https://functions.poehali.dev/b008537a-2081-4b03-aaff-b39e8408818a",
  "max-webhook": "https://functions.poehali.dev/ae0b074b-a749-4714-90d2-2146a6de57de",
  "get-quality-gate-stats": "https://functions.poehali.dev/398c246e-01fc-4a9c-9206-995f7881960a",
  "update-widget-settings": "https://functions.poehali.dev/0cf37b7e-c359-4a9f-8e34-8f0ca8b69efb",
  "get-widget-settings": "https://functions.poehali.dev/7ca040c5-91c5-403c-9d60-baa0f7e390a0",
  "update-page-settings": "https://functions.poehali.dev/83326caa-63b4-4bfa-a3f1-b0fee1d4baf9",
  "get-page-settings": "https://functions.poehali.dev/0534411b-d900-45d2-9082-a9485b33cf20",
  "auth-admin": "https://functions.poehali.dev/20be465d-cf04-4dc0-bbd3-1fc7ffb67ada",
  "get-chat-stats": "https://functions.poehali.dev/f818bf6f-d72f-49b5-9436-c59a8e588c61",
  "telegram-webhook": "https://functions.poehali.dev/a54f2817-d6cf-49d2-9eeb-2c038523c0cb",
  "update-ai-settings": "https://functions.poehali.dev/a3f5f302-e16a-4bb7-8530-d0f6cd22091f",
  "get-ai-settings": "https://functions.poehali.dev/aa4e850d-6e48-49a5-8ffd-473d4ffa4235",
  "delete-pdf": "https://functions.poehali.dev/5652f065-3908-4520-89c7-18440a025bf1",
  "upload-pdf": "https://functions.poehali.dev/1ecfd90c-5cef-40a0-af5b-3ba36d6c50c9",
  "process-pdf": "https://functions.poehali.dev/44b9c312-5377-4fa7-8b4c-522f4bbbf201",
  "get-documents": "https://functions.poehali.dev/7588840b-ea6f-4e3e-9f16-ae0ace5a59c6",
  "chat": "https://functions.poehali.dev/7b58f4fb-5db0-4f85-bb3b-55bafa4cbf73"
}